corruption,severity,ttt_mode,n_samples,class_0,class_1,class_2,class_3,class_4,class_5,class_6,class_7,class_8,class_9
clean,0,baseline,10000,0.922,0.958,0.844,0.765,0.878,0.832,0.948,0.919,0.95,0.943
clean,0,per_batch,10000,0.923,0.96,0.844,0.764,0.88,0.832,0.949,0.92,0.953,0.945
clean,0,per_image,1000,0.92,0.96,0.85,0.74,0.89,0.86,0.97,0.92,0.96,0.9
gaussian_noise,1,baseline,10000,0.784,0.911,0.772,0.567,0.87,0.705,0.969,0.801,0.921,0.92
gaussian_noise,1,per_batch,10000,0.809,0.913,0.779,0.598,0.876,0.725,0.963,0.815,0.924,0.92
gaussian_noise,1,per_image,1000,0.78,0.92,0.74,0.55,0.83,0.68,0.96,0.85,0.93,0.94
gaussian_noise,2,baseline,10000,0.67,0.831,0.693,0.406,0.811,0.542,0.97,0.646,0.819,0.867
gaussian_noise,2,per_batch,10000,0.736,0.847,0.721,0.441,0.835,0.592,0.959,0.703,0.843,0.888
gaussian_noise,2,per_image,1000,0.72,0.92,0.68,0.35,0.84,0.56,0.94,0.63,0.89,0.87
gaussian_noise,3,baseline,10000,0.546,0.72,0.629,0.252,0.736,0.382,0.972,0.494,0.657,0.755
gaussian_noise,3,per_batch,10000,0.622,0.761,0.659,0.313,0.765,0.437,0.965,0.551,0.723,0.814
gaussian_noise,3,per_image,1000,0.54,0.75,0.65,0.31,0.76,0.4,0.97,0.63,0.67,0.77
gaussian_noise,4,baseline,10000,0.493,0.645,0.59,0.187,0.697,0.298,0.972,0.418,0.56,0.677
gaussian_noise,4,per_batch,10000,0.57,0.699,0.618,0.246,0.735,0.362,0.958,0.484,0.636,0.737
gaussian_noise,4,per_image,1000,0.53,0.65,0.6,0.1,0.68,0.39,0.96,0.4,0.55,0.68
gaussian_noise,5,baseline,10000,0.435,0.555,0.56,0.143,0.652,0.24,0.963,0.35,0.483,0.601
gaussian_noise,5,per_batch,10000,0.528,0.622,0.585,0.194,0.691,0.285,0.955,0.421,0.564,0.683
gaussian_noise,5,per_image,1000,0.45,0.54,0.65,0.16,0.64,0.39,0.97,0.31,0.48,0.56
shot_noise,1,baseline,10000,0.802,0.939,0.813,0.685,0.89,0.777,0.967,0.845,0.945,0.926
shot_noise,1,per_batch,10000,0.819,0.942,0.815,0.691,0.886,0.78,0.966,0.853,0.946,0.927
shot_noise,1,per_image,1000,0.84,0.91,0.83,0.71,0.82,0.81,0.98,0.83,0.94,0.95
shot_noise,2,baseline,10000,0.748,0.916,0.775,0.572,0.864,0.678,0.968,0.772,0.91,0.907
shot_noise,2,per_batch,10000,0.77,0.92,0.787,0.6,0.874,0.702,0.963,0.795,0.921,0.907
shot_noise,2,per_image,1000,0.8,0.92,0.72,0.51,0.85,0.64,0.94,0.75,0.95,0.93
shot_noise,3,baseline,10000,0.589,0.85,0.687,0.378,0.81,0.458,0.975,0.6,0.782,0.829
shot_noise,3,per_batch,10000,0.646,0.866,0.715,0.43,0.827,0.504,0.965,0.634,0.818,0.845
shot_noise,3,per_image,1000,0.62,0.86,0.7,0.4,0.78,0.52,0.96,0.48,0.86,0.8
shot_noise,4,baseline,10000,0.506,0.797,0.655,0.309,0.769,0.384,0.969,0.51,0.695,0.765
shot_noise,4,per_batch,10000,0.581,0.816,0.678,0.363,0.806,0.427,0.965,0.559,0.747,0.81
shot_noise,4,per_image,1000,0.52,0.82,0.6,0.31,0.7,0.45,0.96,0.52,0.76,0.88
shot_noise,5,baseline,10000,0.41,0.703,0.603,0.203,0.707,0.257,0.97,0.394,0.567,0.655
shot_noise,5,per_batch,10000,0.485,0.746,0.641,0.271,0.759,0.306,0.964,0.463,0.646,0.698
shot_noise,5,per_image,1000,0.46,0.78,0.53,0.16,0.7,0.33,0.97,0.48,0.6,0.65
impulse_noise,1,baseline,10000,0.89,0.937,0.801,0.706,0.817,0.765,0.951,0.873,0.914,0.921
impulse_noise,1,per_batch,10000,0.893,0.936,0.801,0.689,0.818,0.783,0.944,0.882,0.92,0.923
impulse_noise,1,per_image,1000,0.85,0.94,0.81,0.72,0.88,0.74,0.97,0.9,0.92,0.91
impulse_noise,2,baseline,10000,0.858,0.905,0.752,0.591,0.783,0.659,0.953,0.806,0.87,0.892
impulse_noise,2,per_batch,10000,0.868,0.906,0.752,0.601,0.787,0.676,0.948,0.822,0.874,0.898
impulse_noise,2,per_image,1000,0.85,0.93,0.78,0.6,0.79,0.67,0.95,0.81,0.9,0.88
impulse_noise,3,baseline,10000,0.774,0.856,0.698,0.479,0.721,0.526,0.961,0.738,0.785,0.85
impulse_noise,3,per_batch,10000,0.792,0.861,0.702,0.501,0.748,0.584,0.951,0.758,0.801,0.869
impulse_noise,3,per_image,1000,0.75,0.86,0.69,0.42,0.79,0.63,0.98,0.82,0.8,0.85
impulse_noise,4,baseline,10000,0.531,0.68,0.604,0.25,0.63,0.291,0.966,0.471,0.55,0.629
impulse_noise,4,per_batch,10000,0.598,0.715,0.6,0.293,0.675,0.345,0.95,0.538,0.604,0.713
impulse_noise,4,per_image,1000,0.51,0.69,0.56,0.24,0.61,0.31,0.95,0.51,0.65,0.66
impulse_noise,5,baseline,10000,0.32,0.42,0.522,0.111,0.518,0.131,0.957,0.281,0.327,0.413
impulse_noise,5,per_batch,10000,0.422,0.502,0.541,0.155,0.593,0.169,0.935,0.359,0.401,0.499
impulse_noise,5,per_image,1000,0.26,0.49,0.48,0.13,0.45,0.18,0.98,0.27,0.42,0.48
defocus_blur,1,baseline,10000,0.921,0.957,0.845,0.783,0.881,0.825,0.939,0.914,0.948,0.942
defocus_blur,1,per_batch,10000,0.923,0.957,0.844,0.782,0.885,0.824,0.944,0.914,0.951,0.943
defocus_blur,1,per_image,1000,0.93,0.96,0.87,0.76,0.87,0.87,0.92,0.94,0.96,0.92
defocus_blur,2,baseline,10000,0.914,0.952,0.839,0.791,0.879,0.809,0.916,0.899,0.946,0.935
defocus_blur,2,per_batch,10000,0.916,0.953,0.839,0.789,0.892,0.812,0.927,0.904,0.947,0.937
defocus_blur,2,per_image,1000,0.93,0.94,0.84,0.79,0.93,0.84,0.9,0.91,0.95,0.93
defocus_blur,3,baseline,10000,0.909,0.941,0.843,0.807,0.874,0.775,0.883,0.874,0.937,0.926
defocus_blur,3,per_batch,10000,0.912,0.944,0.84,0.79,0.884,0.787,0.906,0.886,0.941,0.93
defocus_blur,3,per_image,1000,0.97,0.92,0.87,0.8,0.87,0.81,0.94,0.9,0.93,0.95
defocus_blur,4,baseline,10000,0.898,0.929,0.852,0.807,0.847,0.733,0.828,0.843,0.931,0.914
defocus_blur,4,per_batch,10000,0.905,0.93,0.844,0.794,0.88,0.766,0.862,0.854,0.938,0.922
defocus_blur,4,per_image,1000,0.9,0.92,0.87,0.86,0.88,0.8,0.87,0.89,0.93,0.94
defocus_blur,5,baseline,10000,0.863,0.867,0.844,0.79,0.759,0.664,0.702,0.737,0.902,0.852
defocus_blur,5,per_batch,10000,0.874,0.883,0.827,0.781,0.838,0.7,0.791,0.791,0.923,0.888
defocus_blur,5,per_image,1000,0.81,0.88,0.89,0.78,0.73,0.74,0.76,0.7,0.9,0.79
glass_blur,1,baseline,10000,0.861,0.767,0.663,0.598,0.84,0.63,0.966,0.768,0.86,0.854
glass_blur,1,per_batch,10000,0.872,0.789,0.67,0.623,0.85,0.65,0.958,0.791,0.86,0.86
glass_blur,1,per_image,1000,0.93,0.76,0.64,0.58,0.88,0.64,0.93,0.84,0.87,0.89
glass_blur,2,baseline,10000,0.888,0.8,0.668,0.625,0.84,0.628,0.958,0.765,0.852,0.826
glass_blur,2,per_batch,10000,0.887,0.809,0.683,0.638,0.846,0.646,0.95,0.782,0.852,0.835
glass_blur,2,per_image,1000,0.91,0.8,0.68,0.62,0.78,0.74,0.92,0.84,0.84,0.82
glass_blur,3,baseline,10000,0.853,0.797,0.676,0.696,0.858,0.669,0.952,0.758,0.874,0.85
glass_blur,3,per_batch,10000,0.863,0.814,0.689,0.68,0.861,0.692,0.952,0.77,0.882,0.856
glass_blur,3,per_image,1000,0.92,0.77,0.64,0.64,0.81,0.66,0.96,0.8,0.89,0.88
glass_blur,4,baseline,10000,0.844,0.619,0.561,0.532,0.765,0.457,0.969,0.638,0.771,0.732
glass_blur,4,per_batch,10000,0.854,0.663,0.588,0.552,0.782,0.51,0.954,0.675,0.772,0.757
glass_blur,4,per_image,1000,0.86,0.65,0.6,0.45,0.82,0.49,0.94,0.62,0.78,0.77
glass_blur,5,baseline,10000,0.846,0.655,0.585,0.579,0.824,0.522,0.955,0.664,0.818,0.771
glass_blur,5,per_batch,10000,0.852,0.678,0.598,0.593,0.842,0.552,0.951,0.686,0.816,0.786
glass_blur,5,per_image,1000,0.79,0.67,0.56,0.51,0.84,0.58,0.92,0.56,0.83,0.77
motion_blur,1,baseline,10000,0.891,0.948,0.858,0.826,0.86,0.768,0.872,0.88,0.937,0.904
motion_blur,1,per_batch,10000,0.905,0.954,0.863,0.81,0.869,0.776,0.887,0.888,0.942,0.91
motion_blur,1,per_image,1000,0.89,0.96,0.84,0.8,0.87,0.84,0.86,0.94,0.94,0.94
motion_blur,2,baseline,10000,0.88,0.926,0.858,0.832,0.82,0.689,0.769,0.818,0.919,0.855
motion_blur,2,per_batch,10000,0.889,0.938,0.867,0.82,0.831,0.693,0.812,0.836,0.931,0.864
motion_blur,2,per_image,1000,0.87,0.88,0.83,0.81,0.84,0.72,0.68,0.79,0.94,0.89
motion_blur,3,baseline,10000,0.848,0.878,0.856,0.834,0.777,0.616,0.68,0.718,0.902,0.732
motion_blur,3,per_batch,10000,0.873,0.904,0.862,0.819,0.802,0.63,0.737,0.76,0.922,0.781
motion_blur,3,per_image,1000,0.84,0.91,0.84,0.84,0.77,0.61,0.71,0.73,0.94,0.75
motion_blur,4,baseline,10000,0.848,0.889,0.861,0.823,0.785,0.603,0.693,0.729,0.897,0.754
motion_blur,4,per_batch,10000,0.867,0.916,0.859,0.813,0.806,0.612,0.735,0.76,0.925,0.792
motion_blur,4,per_image,1000,0.86,0.93,0.93,0.8,0.75,0.67,0.71,0.73,0.94,0.87
motion_blur,5,baseline,10000,0.832,0.851,0.835,0.82,0.758,0.51,0.603,0.631,0.898,0.671
motion_blur,5,per_batch,10000,0.856,0.883,0.85,0.782,0.789,0.524,0.702,0.682,0.918,0.72
motion_blur,5,per_image,1000,0.8,0.84,0.87,0.78,0.78,0.58,0.71,0.67,0.91,0.78
snow,1,baseline,10000,0.902,0.937,0.782,0.742,0.877,0.806,0.938,0.897,0.917,0.937
snow,1,per_batch,10000,0.904,0.938,0.783,0.745,0.879,0.807,0.936,0.896,0.917,0.938
snow,1,per_image,1000,0.91,0.89,0.75,0.83,0.88,0.85,0.93,0.89,0.92,0.95
snow,2,baseline,10000,0.85,0.881,0.674,0.696,0.86,0.748,0.934,0.83,0.855,0.917
snow,2,per_batch,10000,0.854,0.886,0.672,0.7,0.864,0.757,0.929,0.835,0.857,0.922
snow,2,per_image,1000,0.8,0.9,0.69,0.7,0.84,0.75,0.95,0.81,0.86,0.89
snow,3,baseline,10000,0.875,0.878,0.672,0.717,0.829,0.757,0.918,0.832,0.839,0.929
snow,3,per_batch,10000,0.871,0.878,0.665,0.712,0.836,0.76,0.912,0.836,0.839,0.931
snow,3,per_image,1000,0.88,0.88,0.75,0.77,0.83,0.75,0.92,0.87,0.86,0.9
snow,4,baseline,10000,0.86,0.851,0.641,0.73,0.826,0.736,0.867,0.798,0.815,0.901
snow,4,per_batch,10000,0.859,0.851,0.638,0.723,0.83,0.747,0.865,0.801,0.817,0.902
snow,4,per_image,1000,0.82,0.87,0.6,0.62,0.87,0.8,0.92,0.8,0.86,0.89
snow,5,baseline,10000,0.803,0.8,0.608,0.753,0.825,0.721,0.879,0.755,0.803,0.892
snow,5,per_batch,10000,0.817,0.81,0.606,0.758,0.83,0.735,0.869,0.764,0.798,0.893
snow,5,per_image,1000,0.84,0.77,0.61,0.74,0.82,0.78,0.86,0.8,0.83,0.9
frost,1,baseline,10000,0.881,0.93,0.804,0.749,0.887,0.809,0.928,0.874,0.942,0.94
frost,1,per_batch,10000,0.888,0.931,0.803,0.759,0.888,0.811,0.93,0.876,0.941,0.94
frost,1,per_image,1000,0.91,0.94,0.71,0.73,0.9,0.87,0.95,0.8,0.93,0.93
frost,2,baseline,10000,0.862,0.904,0.76,0.741,0.855,0.758,0.928,0.822,0.928,0.932
frost,2,per_batch,10000,0.869,0.908,0.771,0.734,0.859,0.757,0.925,0.826,0.928,0.932
frost,2,per_image,1000,0.84,0.93,0.75,0.61,0.83,0.76,0.96,0.84,0.92,0.93
frost,3,baseline,10000,0.798,0.861,0.683,0.725,0.86,0.637,0.908,0.717,0.909,0.905
frost,3,per_batch,10000,0.815,0.869,0.709,0.721,0.853,0.649,0.906,0.726,0.906,0.902
frost,3,per_image,1000,0.81,0.93,0.75,0.69,0.86,0.69,0.83,0.82,0.96,0.94
frost,4,baseline,10000,0.803,0.842,0.685,0.72,0.846,0.611,0.934,0.691,0.888,0.896
frost,4,per_batch,10000,0.823,0.856,0.699,0.7,0.85,0.649,0.925,0.742,0.892,0.906
frost,4,per_image,1000,0.76,0.87,0.77,0.76,0.84,0.68,0.9,0.7,0.9,0.94
frost,5,baseline,10000,0.736,0.79,0.648,0.663,0.811,0.527,0.918,0.581,0.847,0.844
frost,5,per_batch,10000,0.765,0.808,0.662,0.695,0.823,0.549,0.904,0.619,0.855,0.857
frost,5,per_image,1000,0.81,0.83,0.62,0.64,0.83,0.51,0.91,0.54,0.87,0.83
fog,1,baseline,10000,0.916,0.955,0.836,0.765,0.883,0.819,0.929,0.908,0.951,0.944
fog,1,per_batch,10000,0.916,0.954,0.837,0.76,0.885,0.821,0.933,0.909,0.95,0.943
fog,1,per_image,1000,0.92,0.92,0.81,0.8,0.88,0.85,0.93,0.94,0.98,0.96
fog,2,baseline,10000,0.892,0.941,0.802,0.786,0.869,0.741,0.875,0.835,0.937,0.924
fog,2,per_batch,10000,0.896,0.938,0.796,0.778,0.88,0.743,0.888,0.85,0.937,0.929
fog,2,per_image,1000,0.84,0.98,0.83,0.72,0.88,0.79,0.89,0.89,0.93,0.9
fog,3,baseline,10000,0.844,0.906,0.782,0.796,0.836,0.66,0.795,0.748,0.91,0.879
fog,3,per_batch,10000,0.857,0.907,0.779,0.779,0.857,0.671,0.814,0.777,0.918,0.891
fog,3,per_image,1000,0.87,0.91,0.89,0.77,0.86,0.7,0.78,0.78,0.89,0.89
fog,4,baseline,10000,0.77,0.857,0.75,0.84,0.784,0.525,0.657,0.589,0.852,0.796
fog,4,per_batch,10000,0.806,0.87,0.737,0.815,0.821,0.542,0.713,0.643,0.888,0.837
fog,4,per_image,1000,0.78,0.92,0.76,0.83,0.78,0.6,0.66,0.64,0.89,0.82
fog,5,baseline,10000,0.578,0.616,0.662,0.842,0.581,0.347,0.402,0.267,0.595,0.518
fog,5,per_batch,10000,0.68,0.679,0.644,0.803,0.707,0.367,0.494,0.336,0.749,0.627
fog,5,per_image,1000,0.61,0.76,0.7,0.85,0.51,0.34,0.44,0.33,0.72,0.57
brightness,1,baseline,10000,0.923,0.957,0.839,0.754,0.879,0.838,0.948,0.916,0.952,0.941
brightness,1,per_batch,10000,0.925,0.957,0.84,0.76,0.879,0.839,0.945,0.92,0.952,0.939
brightness,1,per_image,1000,0.89,0.96,0.85,0.77,0.89,0.83,0.95,0.97,0.97,0.92
brightness,2,baseline,10000,0.934,0.96,0.831,0.755,0.881,0.828,0.943,0.917,0.947,0.936
brightness,2,per_batch,10000,0.929,0.956,0.832,0.749,0.878,0.833,0.944,0.919,0.949,0.938
brightness,2,per_image,1000,0.93,0.99,0.78,0.76,0.9,0.83,0.97,0.92,0.93,0.96
brightness,3,baseline,10000,0.93,0.954,0.83,0.745,0.876,0.82,0.934,0.914,0.947,0.932
brightness,3,per_batch,10000,0.928,0.953,0.821,0.743,0.881,0.829,0.936,0.92,0.947,0.934
brightness,3,per_image,1000,0.93,0.94,0.85,0.74,0.87,0.85,0.95,0.93,0.91,0.97
brightness,4,baseline,10000,0.932,0.948,0.821,0.748,0.877,0.812,0.922,0.914,0.943,0.926
brightness,4,per_batch,10000,0.93,0.95,0.825,0.747,0.878,0.816,0.921,0.914,0.94,0.929
brightness,4,per_image,1000,0.92,0.97,0.79,0.79,0.88,0.78,0.87,0.86,0.96,0.92
brightness,5,baseline,10000,0.926,0.922,0.795,0.736,0.871,0.744,0.889,0.881,0.935,0.907
brightness,5,per_batch,10000,0.924,0.928,0.793,0.731,0.872,0.757,0.893,0.883,0.936,0.909
brightness,5,per_image,1000,0.88,0.95,0.83,0.69,0.83,0.76,0.86,0.91,0.96,0.89
contrast,1,baseline,10000,0.922,0.957,0.83,0.777,0.894,0.806,0.943,0.911,0.949,0.943
contrast,1,per_batch,10000,0.922,0.959,0.831,0.774,0.894,0.808,0.943,0.91,0.949,0.942
contrast,1,per_image,1000,0.9,0.97,0.83,0.78,0.9,0.81,0.93,0.93,0.97,0.98
contrast,2,baseline,10000,0.917,0.945,0.792,0.796,0.917,0.73,0.926,0.88,0.943,0.929
contrast,2,per_batch,10000,0.916,0.943,0.79,0.792,0.917,0.738,0.928,0.886,0.945,0.932
contrast,2,per_image,1000,0.86,0.94,0.83,0.74,0.96,0.76,0.91,0.87,0.95,0.96
contrast,3,baseline,10000,0.899,0.936,0.765,0.81,0.911,0.667,0.894,0.833,0.937,0.914
contrast,3,per_batch,10000,0.896,0.938,0.766,0.801,0.912,0.68,0.902,0.844,0.94,0.919
contrast,3,per_image,1000,0.87,0.97,0.82,0.79,0.93,0.72,0.91,0.87,0.94,0.93
contrast,4,baseline,10000,0.881,0.913,0.706,0.824,0.908,0.552,0.832,0.725,0.925,0.877
contrast,4,per_batch,10000,0.875,0.915,0.71,0.809,0.912,0.578,0.855,0.743,0.935,0.892
contrast,4,per_image,1000,0.83,0.87,0.8,0.84,0.91,0.53,0.81,0.77,0.97,0.89
contrast,5,baseline,10000,0.719,0.644,0.549,0.781,0.825,0.245,0.518,0.268,0.818,0.576
contrast,5,per_batch,10000,0.713,0.711,0.523,0.789,0.889,0.279,0.622,0.343,0.86,0.662
contrast,5,per_image,1000,0.68,0.67,0.52,0.76,0.85,0.32,0.57,0.2,0.89,0.51
elastic_transform,1,baseline,10000,0.901,0.94,0.847,0.781,0.863,0.777,0.891,0.888,0.929,0.901
elastic_transform,1,per_batch,10000,0.906,0.941,0.844,0.771,0.874,0.776,0.906,0.894,0.934,0.902
elastic_transform,1,per_image,1000,0.85,0.94,0.87,0.75,0.88,0.78,0.86,0.9,0.95,0.89
elastic_transform,2,baseline,10000,0.897,0.939,0.851,0.792,0.861,0.762,0.891,0.886,0.937,0.911
elastic_transform,2,per_batch,10000,0.901,0.94,0.85,0.787,0.874,0.774,0.898,0.89,0.94,0.917
elastic_transform,2,per_image,1000,0.91,0.95,0.85,0.78,0.9,0.83,0.91,0.87,0.92,0.89
elastic_transform,3,baseline,10000,0.898,0.922,0.848,0.795,0.851,0.765,0.858,0.872,0.932,0.899
elastic_transform,3,per_batch,10000,0.901,0.926,0.841,0.781,0.868,0.774,0.877,0.883,0.939,0.905
elastic_transform,3,per_image,1000,0.92,0.93,0.84,0.75,0.85,0.72,0.92,0.86,0.97,0.88
elastic_transform,4,baseline,10000,0.88,0.889,0.815,0.791,0.853,0.734,0.831,0.832,0.886,0.844
elastic_transform,4,per_batch,10000,0.887,0.898,0.809,0.78,0.864,0.748,0.869,0.844,0.905,0.855
elastic_transform,4,per_image,1000,0.87,0.92,0.83,0.77,0.92,0.74,0.83,0.86,0.92,0.79
elastic_transform,5,baseline,10000,0.877,0.817,0.749,0.758,0.848,0.718,0.865,0.799,0.844,0.815
elastic_transform,5,per_batch,10000,0.89,0.827,0.739,0.736,0.864,0.724,0.882,0.807,0.856,0.841
elastic_transform,5,per_image,1000,0.92,0.82,0.77,0.7,0.88,0.84,0.93,0.8,0.85,0.82
pixelate,1,baseline,10000,0.91,0.956,0.846,0.745,0.883,0.82,0.946,0.922,0.948,0.936
pixelate,1,per_batch,10000,0.913,0.956,0.842,0.757,0.877,0.817,0.947,0.925,0.949,0.94
pixelate,1,per_image,1000,0.92,0.97,0.87,0.72,0.84,0.84,0.94,0.96,0.98,0.93
pixelate,2,baseline,10000,0.908,0.952,0.824,0.754,0.883,0.811,0.944,0.909,0.95,0.946
pixelate,2,per_batch,10000,0.917,0.955,0.829,0.757,0.882,0.813,0.943,0.912,0.949,0.942
pixelate,2,per_image,1000,0.97,0.96,0.79,0.76,0.88,0.83,0.92,0.92,0.96,0.95
pixelate,3,baseline,10000,0.894,0.918,0.797,0.756,0.888,0.713,0.913,0.889,0.958,0.951
pixelate,3,per_batch,10000,0.896,0.921,0.802,0.757,0.891,0.738,0.92,0.897,0.955,0.948
pixelate,3,per_image,1000,0.84,0.92,0.81,0.71,0.91,0.74,0.89,0.89,0.94,0.97
pixelate,4,baseline,10000,0.815,0.821,0.677,0.586,0.849,0.324,0.834,0.803,0.96,0.967
pixelate,4,per_batch,10000,0.838,0.867,0.722,0.683,0.869,0.493,0.882,0.834,0.953,0.959
pixelate,4,per_image,1000,0.78,0.83,0.72,0.58,0.89,0.43,0.83,0.76,0.96,0.95
pixelate,5,baseline,10000,0.78,0.701,0.592,0.625,0.846,0.435,0.709,0.783,0.928,0.977
pixelate,5,per_batch,10000,0.815,0.766,0.629,0.679,0.882,0.582,0.798,0.821,0.931,0.966
pixelate,5,per_image,1000,0.75,0.75,0.62,0.56,0.83,0.48,0.69,0.81,0.96,0.97
jpeg_compression,1,baseline,10000,0.886,0.926,0.805,0.705,0.874,0.728,0.965,0.839,0.943,0.927
jpeg_compression,1,per_batch,10000,0.879,0.921,0.8,0.718,0.881,0.735,0.96,0.852,0.942,0.932
jpeg_compression,1,per_image,1000,0.86,0.97,0.84,0.62,0.87,0.71,0.94,0.82,0.91,0.89
jpeg_compression,2,baseline,10000,0.839,0.886,0.757,0.723,0.82,0.689,0.923,0.799,0.92,0.915
jpeg_compression,2,per_batch,10000,0.846,0.891,0.756,0.712,0.839,0.697,0.925,0.81,0.929,0.917
jpeg_compression,2,per_image,1000,0.78,0.92,0.77,0.67,0.75,0.74,0.95,0.82,0.91,0.91
jpeg_compression,3,baseline,10000,0.837,0.864,0.746,0.727,0.804,0.658,0.901,0.781,0.919,0.905
jpeg_compression,3,per_batch,10000,0.842,0.87,0.741,0.715,0.819,0.671,0.915,0.791,0.92,0.907
jpeg_compression,3,per_image,1000,0.87,0.85,0.72,0.63,0.82,0.7,0.89,0.79,0.94,0.89
jpeg_compression,4,baseline,10000,0.817,0.855,0.745,0.746,0.788,0.64,0.876,0.762,0.907,0.888
jpeg_compression,4,per_batch,10000,0.829,0.866,0.736,0.74,0.805,0.653,0.892,0.777,0.908,0.894
jpeg_compression,4,per_image,1000,0.8,0.87,0.78,0.76,0.83,0.69,0.92,0.74,0.92,0.89
jpeg_compression,5,baseline,10000,0.797,0.825,0.729,0.758,0.715,0.581,0.82,0.7,0.887,0.844
jpeg_compression,5,per_batch,10000,0.814,0.845,0.72,0.716,0.764,0.613,0.87,0.738,0.902,0.86
jpeg_compression,5,per_image,1000,0.74,0.83,0.78,0.68,0.71,0.61,0.82,0.8,0.9,0.88
